[{"kind":"Watch",
  "variable":{"kind":"Var","name":"a"},
  "file":{"kind":"Target","name":"/var/s1"}},
 {"kind":"Simple",
  "variable":{"kind":"Var","name":"b"},
  "expression":{"kind":"Mul",
                "left":{"kind":"Var","name":"a"},
                "right":{"kind":"Num","value":2}}},
  {"kind":"Watch",
    "variable":{"kind":"Var","name":"c"},
    "file":{"kind":"Target","name":"/var/s2"}},
  {"kind":"Simple",
    "variable":{"kind":"Var","name":"d"},
    "expression":{"kind":"Add",
                  "left":{"kind":"Var","name":"c"},
                  "right":{"kind":"Num","value":1}}},
  {"kind":"Simple",
    "variable":{"kind":"Var","name":"e"},
    "expression":{"kind":"Sub",
                  "left":{"kind":"Var","name":"b"},
                  "right":{"kind":"Var","name":"a"}}},
  {"kind":"Watch",
    "variable":{"kind":"Var","name":"f"},
    "file":{"kind":"Target","name":"/var/s3"}},
  {"kind":"Cond",
    "variable":{"kind":"Var","name":"g"},
    "guard":{"kind":"Var","name":"f"},
    "trueExp":{"kind":"Div",
               "left":{"kind":"Var","name":"e"},
               "right":{"kind":"Var","name":"f"}},
    "falseExp":{"kind":"Var","name":"d"}}]
  
